slurm__Cosmology_MHDZeldovichPancake_2_CT_MHDZeldovichPancake_2_CTenzo.sqlite,H5VL_julea_db_attr_close,12,3.3e-05,1.497964,0.0176809763419546
slurm__Cosmology_MHDZeldovichPancake_2_CT_MHDZeldovichPancake_2_CTenzo.sqlite,H5VL_julea_db_attr_create,12,0.306117,1.497964,0.0176809763419546
slurm__Cosmology_MHDZeldovichPancake_2_CT_MHDZeldovichPancake_2_CTenzo.sqlite,H5VL_julea_db_attr_init,2,0.001246,1.497964,0.0176809763419546
slurm__Cosmology_MHDZeldovichPancake_2_CT_MHDZeldovichPancake_2_CTenzo.sqlite,H5VL_julea_db_attr_term,2,4.0e-06,1.497964,0.0176809763419546
slurm__Cosmology_MHDZeldovichPancake_2_CT_MHDZeldovichPancake_2_CTenzo.sqlite,H5VL_julea_db_attr_write,12,0.002723,1.497964,0.0176809763419546
slurm__Cosmology_MHDZeldovichPancake_2_CT_MHDZeldovichPancake_2_CTenzo.sqlite,H5VL_julea_db_dataset_close,40,9.4e-05,1.497964,0.0176809763419546
slurm__Cosmology_MHDZeldovichPancake_2_CT_MHDZeldovichPancake_2_CTenzo.sqlite,H5VL_julea_db_dataset_create,40,1.032362,1.497964,0.0176809763419546
slurm__Cosmology_MHDZeldovichPancake_2_CT_MHDZeldovichPancake_2_CTenzo.sqlite,H5VL_julea_db_dataset_init,2,0.001135,1.497964,0.0176809763419546
slurm__Cosmology_MHDZeldovichPancake_2_CT_MHDZeldovichPancake_2_CTenzo.sqlite,H5VL_julea_db_dataset_term,2,3.0e-06,1.497964,0.0176809763419546
slurm__Cosmology_MHDZeldovichPancake_2_CT_MHDZeldovichPancake_2_CTenzo.sqlite,H5VL_julea_db_dataset_write,68,0.049407,1.497964,0.0176809763419546
slurm__Cosmology_MHDZeldovichPancake_2_CT_MHDZeldovichPancake_2_CTenzo.sqlite,H5VL_julea_db_datatype_encode,52,0.014726,1.497964,0.0176809763419546
slurm__Cosmology_MHDZeldovichPancake_2_CT_MHDZeldovichPancake_2_CTenzo.sqlite,H5VL_julea_db_datatype_init,2,0.000943,1.497964,0.0176809763419546
slurm__Cosmology_MHDZeldovichPancake_2_CT_MHDZeldovichPancake_2_CTenzo.sqlite,H5VL_julea_db_datatype_term,2,2.0e-06,1.497964,0.0176809763419546
slurm__Cosmology_MHDZeldovichPancake_2_CT_MHDZeldovichPancake_2_CTenzo.sqlite,H5VL_julea_db_file_close,4,4.0e-06,1.497964,0.0176809763419546
slurm__Cosmology_MHDZeldovichPancake_2_CT_MHDZeldovichPancake_2_CTenzo.sqlite,H5VL_julea_db_file_create,4,0.002537,1.497964,0.0176809763419546
slurm__Cosmology_MHDZeldovichPancake_2_CT_MHDZeldovichPancake_2_CTenzo.sqlite,H5VL_julea_db_file_init,2,0.004652,1.497964,0.0176809763419546
slurm__Cosmology_MHDZeldovichPancake_2_CT_MHDZeldovichPancake_2_CTenzo.sqlite,H5VL_julea_db_file_term,2,9.0e-06,1.497964,0.0176809763419546
slurm__Cosmology_MHDZeldovichPancake_2_CT_MHDZeldovichPancake_2_CTenzo.sqlite,H5VL_julea_db_group_close,4,4.0e-06,1.497964,0.0176809763419546
slurm__Cosmology_MHDZeldovichPancake_2_CT_MHDZeldovichPancake_2_CTenzo.sqlite,H5VL_julea_db_group_create,4,0.034321,1.497964,0.0176809763419546
slurm__Cosmology_MHDZeldovichPancake_2_CT_MHDZeldovichPancake_2_CTenzo.sqlite,H5VL_julea_db_group_init,2,0.001482,1.497964,0.0176809763419546
slurm__Cosmology_MHDZeldovichPancake_2_CT_MHDZeldovichPancake_2_CTenzo.sqlite,H5VL_julea_db_group_term,2,4.0e-06,1.497964,0.0176809763419546
slurm__Cosmology_MHDZeldovichPancake_2_CT_MHDZeldovichPancake_2_CTenzo.sqlite,H5VL_julea_db_link_create_helper,56,0.028867,1.497964,0.0176809763419546
slurm__Cosmology_MHDZeldovichPancake_2_CT_MHDZeldovichPancake_2_CTenzo.sqlite,H5VL_julea_db_link_init,2,0.001262,1.497964,0.0176809763419546
slurm__Cosmology_MHDZeldovichPancake_2_CT_MHDZeldovichPancake_2_CTenzo.sqlite,H5VL_julea_db_link_term,2,2.0e-06,1.497964,0.0176809763419546
slurm__Cosmology_MHDZeldovichPancake_2_CT_MHDZeldovichPancake_2_CTenzo.sqlite,H5VL_julea_db_space_encode,52,0.015105,1.497964,0.0176809763419546
slurm__Cosmology_MHDZeldovichPancake_2_CT_MHDZeldovichPancake_2_CTenzo.sqlite,H5VL_julea_db_space_init,2,0.000918,1.497964,0.0176809763419546
slurm__Cosmology_MHDZeldovichPancake_2_CT_MHDZeldovichPancake_2_CTenzo.sqlite,H5VL_julea_db_space_term,2,2.0e-06,1.497964,0.0176809763419546
slurm__Cosmology_MHDZeldovichPancake_2_CT_MHDZeldovichPancake_2_CTenzo.sqlite,total,10,84.721792,1.497964,0.0176809763419546
slurm__DrivenTurbulence3D_DrivenTurbulence3Denzo.sqlite,H5VL_julea_db_attr_close,1632,0.00387799999999991,111.051008,0.0264144397598749
slurm__DrivenTurbulence3D_DrivenTurbulence3Denzo.sqlite,H5VL_julea_db_attr_create,1632,41.617653,111.051008,0.0264144397598749
slurm__DrivenTurbulence3D_DrivenTurbulence3Denzo.sqlite,H5VL_julea_db_attr_init,2,0.001148,111.051008,0.0264144397598749
slurm__DrivenTurbulence3D_DrivenTurbulence3Denzo.sqlite,H5VL_julea_db_attr_term,2,4.0e-06,111.051008,0.0264144397598749
slurm__DrivenTurbulence3D_DrivenTurbulence3Denzo.sqlite,H5VL_julea_db_attr_write,1632,0.328017000000002,111.051008,0.0264144397598749
slurm__DrivenTurbulence3D_DrivenTurbulence3Denzo.sqlite,H5VL_julea_db_dataset_close,1938,0.00461000000000001,111.051008,0.0264144397598749
slurm__DrivenTurbulence3D_DrivenTurbulence3Denzo.sqlite,H5VL_julea_db_dataset_create,1938,50.3875269999999,111.051008,0.0264144397598749
slurm__DrivenTurbulence3D_DrivenTurbulence3Denzo.sqlite,H5VL_julea_db_dataset_init,2,0.001244,111.051008,0.0264144397598749
slurm__DrivenTurbulence3D_DrivenTurbulence3Denzo.sqlite,H5VL_julea_db_dataset_term,2,4.0e-06,111.051008,0.0264144397598749
slurm__DrivenTurbulence3D_DrivenTurbulence3Denzo.sqlite,H5VL_julea_db_dataset_write,8670,12.5419710000001,111.051008,0.0264144397598749
slurm__DrivenTurbulence3D_DrivenTurbulence3Denzo.sqlite,H5VL_julea_db_datatype_encode,3570,0.819159000000004,111.051008,0.0264144397598749
slurm__DrivenTurbulence3D_DrivenTurbulence3Denzo.sqlite,H5VL_julea_db_datatype_init,2,0.000867,111.051008,0.0264144397598749
slurm__DrivenTurbulence3D_DrivenTurbulence3Denzo.sqlite,H5VL_julea_db_datatype_term,2,2.0e-06,111.051008,0.0264144397598749
slurm__DrivenTurbulence3D_DrivenTurbulence3Denzo.sqlite,H5VL_julea_db_file_close,204,0.0002,111.051008,0.0264144397598749
slurm__DrivenTurbulence3D_DrivenTurbulence3Denzo.sqlite,H5VL_julea_db_file_create,204,0.10725,111.051008,0.0264144397598749
slurm__DrivenTurbulence3D_DrivenTurbulence3Denzo.sqlite,H5VL_julea_db_file_init,2,0.00636,111.051008,0.0264144397598749
slurm__DrivenTurbulence3D_DrivenTurbulence3Denzo.sqlite,H5VL_julea_db_file_term,2,4.0e-06,111.051008,0.0264144397598749
slurm__DrivenTurbulence3D_DrivenTurbulence3Denzo.sqlite,H5VL_julea_db_group_close,204,0.000216,111.051008,0.0264144397598749
slurm__DrivenTurbulence3D_DrivenTurbulence3Denzo.sqlite,H5VL_julea_db_group_create,204,1.853628,111.051008,0.0264144397598749
slurm__DrivenTurbulence3D_DrivenTurbulence3Denzo.sqlite,H5VL_julea_db_group_init,2,0.001382,111.051008,0.0264144397598749
slurm__DrivenTurbulence3D_DrivenTurbulence3Denzo.sqlite,H5VL_julea_db_group_term,2,4.0e-06,111.051008,0.0264144397598749
slurm__DrivenTurbulence3D_DrivenTurbulence3Denzo.sqlite,H5VL_julea_db_link_create_helper,3774,2.505015,111.051008,0.0264144397598749
slurm__DrivenTurbulence3D_DrivenTurbulence3Denzo.sqlite,H5VL_julea_db_link_init,2,0.001229,111.051008,0.0264144397598749
slurm__DrivenTurbulence3D_DrivenTurbulence3Denzo.sqlite,H5VL_julea_db_link_term,2,2.0e-06,111.051008,0.0264144397598749
slurm__DrivenTurbulence3D_DrivenTurbulence3Denzo.sqlite,H5VL_julea_db_space_encode,3570,0.868719000000002,111.051008,0.0264144397598749
slurm__DrivenTurbulence3D_DrivenTurbulence3Denzo.sqlite,H5VL_julea_db_space_init,2,0.000913,111.051008,0.0264144397598749
slurm__DrivenTurbulence3D_DrivenTurbulence3Denzo.sqlite,H5VL_julea_db_space_term,2,2.0e-06,111.051008,0.0264144397598749
slurm__DrivenTurbulence3D_DrivenTurbulence3Denzo.sqlite,total,10,4204.178056,111.051008,0.0264144397598749
slurm__Hydro_Hydro-2D_Athena-RayleighTaylor_Athena-RayleighTaylorenzo.sqlite,H5VL_julea_db_attr_close,583,0.001448,32.492464,0.0144981392837411
slurm__Hydro_Hydro-2D_Athena-RayleighTaylor_Athena-RayleighTaylorenzo.sqlite,H5VL_julea_db_attr_create,583,15.435725,32.492464,0.0144981392837411
slurm__Hydro_Hydro-2D_Athena-RayleighTaylor_Athena-RayleighTaylorenzo.sqlite,H5VL_julea_db_attr_init,2,0.001216,32.492464,0.0144981392837411
slurm__Hydro_Hydro-2D_Athena-RayleighTaylor_Athena-RayleighTaylorenzo.sqlite,H5VL_julea_db_attr_term,2,4.0e-06,32.492464,0.0144981392837411
slurm__Hydro_Hydro-2D_Athena-RayleighTaylor_Athena-RayleighTaylorenzo.sqlite,H5VL_julea_db_attr_write,583,0.129874,32.492464,0.0144981392837411
slurm__Hydro_Hydro-2D_Athena-RayleighTaylor_Athena-RayleighTaylorenzo.sqlite,H5VL_julea_db_dataset_close,477,0.001191,32.492464,0.0144981392837411
slurm__Hydro_Hydro-2D_Athena-RayleighTaylor_Athena-RayleighTaylorenzo.sqlite,H5VL_julea_db_dataset_create,477,12.54038,32.492464,0.0144981392837411
slurm__Hydro_Hydro-2D_Athena-RayleighTaylor_Athena-RayleighTaylorenzo.sqlite,H5VL_julea_db_dataset_init,2,0.001249,32.492464,0.0144981392837411
slurm__Hydro_Hydro-2D_Athena-RayleighTaylor_Athena-RayleighTaylorenzo.sqlite,H5VL_julea_db_dataset_term,2,4.0e-06,32.492464,0.0144981392837411
slurm__Hydro_Hydro-2D_Athena-RayleighTaylor_Athena-RayleighTaylorenzo.sqlite,H5VL_julea_db_dataset_write,2385,2.045911,32.492464,0.0144981392837411
slurm__Hydro_Hydro-2D_Athena-RayleighTaylor_Athena-RayleighTaylorenzo.sqlite,H5VL_julea_db_datatype_encode,1060,0.285135999999998,32.492464,0.0144981392837411
slurm__Hydro_Hydro-2D_Athena-RayleighTaylor_Athena-RayleighTaylorenzo.sqlite,H5VL_julea_db_datatype_init,2,0.000914,32.492464,0.0144981392837411
slurm__Hydro_Hydro-2D_Athena-RayleighTaylor_Athena-RayleighTaylorenzo.sqlite,H5VL_julea_db_datatype_term,2,2.0e-06,32.492464,0.0144981392837411
slurm__Hydro_Hydro-2D_Athena-RayleighTaylor_Athena-RayleighTaylorenzo.sqlite,H5VL_julea_db_file_close,106,0.000103,32.492464,0.0144981392837411
slurm__Hydro_Hydro-2D_Athena-RayleighTaylor_Athena-RayleighTaylorenzo.sqlite,H5VL_julea_db_file_create,106,0.05746,32.492464,0.0144981392837411
slurm__Hydro_Hydro-2D_Athena-RayleighTaylor_Athena-RayleighTaylorenzo.sqlite,H5VL_julea_db_file_init,2,0.006163,32.492464,0.0144981392837411
slurm__Hydro_Hydro-2D_Athena-RayleighTaylor_Athena-RayleighTaylorenzo.sqlite,H5VL_julea_db_file_term,2,4.0e-06,32.492464,0.0144981392837411
slurm__Hydro_Hydro-2D_Athena-RayleighTaylor_Athena-RayleighTaylorenzo.sqlite,H5VL_julea_db_group_close,106,0.00011,32.492464,0.0144981392837411
slurm__Hydro_Hydro-2D_Athena-RayleighTaylor_Athena-RayleighTaylorenzo.sqlite,H5VL_julea_db_group_create,106,0.98892,32.492464,0.0144981392837411
slurm__Hydro_Hydro-2D_Athena-RayleighTaylor_Athena-RayleighTaylorenzo.sqlite,H5VL_julea_db_group_init,2,0.001474,32.492464,0.0144981392837411
slurm__Hydro_Hydro-2D_Athena-RayleighTaylor_Athena-RayleighTaylorenzo.sqlite,H5VL_julea_db_group_term,2,4.0e-06,32.492464,0.0144981392837411
slurm__Hydro_Hydro-2D_Athena-RayleighTaylor_Athena-RayleighTaylorenzo.sqlite,H5VL_julea_db_link_create_helper,1166,0.703974,32.492464,0.0144981392837411
slurm__Hydro_Hydro-2D_Athena-RayleighTaylor_Athena-RayleighTaylorenzo.sqlite,H5VL_julea_db_link_init,2,0.001268,32.492464,0.0144981392837411
slurm__Hydro_Hydro-2D_Athena-RayleighTaylor_Athena-RayleighTaylorenzo.sqlite,H5VL_julea_db_link_term,2,4.0e-06,32.492464,0.0144981392837411
slurm__Hydro_Hydro-2D_Athena-RayleighTaylor_Athena-RayleighTaylorenzo.sqlite,H5VL_julea_db_space_encode,1060,0.289007999999999,32.492464,0.0144981392837411
slurm__Hydro_Hydro-2D_Athena-RayleighTaylor_Athena-RayleighTaylorenzo.sqlite,H5VL_julea_db_space_init,2,0.000916,32.492464,0.0144981392837411
slurm__Hydro_Hydro-2D_Athena-RayleighTaylor_Athena-RayleighTaylorenzo.sqlite,H5VL_julea_db_space_term,2,2.0e-06,32.492464,0.0144981392837411
slurm__Hydro_Hydro-2D_Athena-RayleighTaylor_Athena-RayleighTaylorenzo.sqlite,total,10,2241.147182,32.492464,0.0144981392837411
slurm__Hydro_Hydro-2D_DoubleMachReflection_DoubleMachReflectionenzo.sqlite,H5VL_julea_db_attr_close,44,0.00011,2.242899,0.00214595430810503
slurm__Hydro_Hydro-2D_DoubleMachReflection_DoubleMachReflectionenzo.sqlite,H5VL_julea_db_attr_create,44,1.124174,2.242899,0.00214595430810503
slurm__Hydro_Hydro-2D_DoubleMachReflection_DoubleMachReflectionenzo.sqlite,H5VL_julea_db_attr_init,2,0.001161,2.242899,0.00214595430810503
slurm__Hydro_Hydro-2D_DoubleMachReflection_DoubleMachReflectionenzo.sqlite,H5VL_julea_db_attr_term,2,4.0e-06,2.242899,0.00214595430810503
slurm__Hydro_Hydro-2D_DoubleMachReflection_DoubleMachReflectionenzo.sqlite,H5VL_julea_db_attr_write,44,0.009822,2.242899,0.00214595430810503
slurm__Hydro_Hydro-2D_DoubleMachReflection_DoubleMachReflectionenzo.sqlite,H5VL_julea_db_dataset_close,32,7.3e-05,2.242899,0.00214595430810503
slurm__Hydro_Hydro-2D_DoubleMachReflection_DoubleMachReflectionenzo.sqlite,H5VL_julea_db_dataset_create,32,0.809835,2.242899,0.00214595430810503
slurm__Hydro_Hydro-2D_DoubleMachReflection_DoubleMachReflectionenzo.sqlite,H5VL_julea_db_dataset_init,2,0.001258,2.242899,0.00214595430810503
slurm__Hydro_Hydro-2D_DoubleMachReflection_DoubleMachReflectionenzo.sqlite,H5VL_julea_db_dataset_term,2,4.0e-06,2.242899,0.00214595430810503
slurm__Hydro_Hydro-2D_DoubleMachReflection_DoubleMachReflectionenzo.sqlite,H5VL_julea_db_dataset_write,128,0.122051,2.242899,0.00214595430810503
slurm__Hydro_Hydro-2D_DoubleMachReflection_DoubleMachReflectionenzo.sqlite,H5VL_julea_db_datatype_encode,76,0.021211,2.242899,0.00214595430810503
slurm__Hydro_Hydro-2D_DoubleMachReflection_DoubleMachReflectionenzo.sqlite,H5VL_julea_db_datatype_init,2,0.000862,2.242899,0.00214595430810503
slurm__Hydro_Hydro-2D_DoubleMachReflection_DoubleMachReflectionenzo.sqlite,H5VL_julea_db_datatype_term,2,2.0e-06,2.242899,0.00214595430810503
slurm__Hydro_Hydro-2D_DoubleMachReflection_DoubleMachReflectionenzo.sqlite,H5VL_julea_db_file_close,8,8.0e-06,2.242899,0.00214595430810503
slurm__Hydro_Hydro-2D_DoubleMachReflection_DoubleMachReflectionenzo.sqlite,H5VL_julea_db_file_create,8,0.004739,2.242899,0.00214595430810503
slurm__Hydro_Hydro-2D_DoubleMachReflection_DoubleMachReflectionenzo.sqlite,H5VL_julea_db_file_init,2,0.006376,2.242899,0.00214595430810503
slurm__Hydro_Hydro-2D_DoubleMachReflection_DoubleMachReflectionenzo.sqlite,H5VL_julea_db_file_term,2,3.0e-06,2.242899,0.00214595430810503
slurm__Hydro_Hydro-2D_DoubleMachReflection_DoubleMachReflectionenzo.sqlite,H5VL_julea_db_group_close,8,8.0e-06,2.242899,0.00214595430810503
slurm__Hydro_Hydro-2D_DoubleMachReflection_DoubleMachReflectionenzo.sqlite,H5VL_julea_db_group_create,8,0.070615,2.242899,0.00214595430810503
slurm__Hydro_Hydro-2D_DoubleMachReflection_DoubleMachReflectionenzo.sqlite,H5VL_julea_db_group_init,2,0.001397,2.242899,0.00214595430810503
slurm__Hydro_Hydro-2D_DoubleMachReflection_DoubleMachReflectionenzo.sqlite,H5VL_julea_db_group_term,2,3.0e-06,2.242899,0.00214595430810503
slurm__Hydro_Hydro-2D_DoubleMachReflection_DoubleMachReflectionenzo.sqlite,H5VL_julea_db_link_create_helper,84,0.044002,2.242899,0.00214595430810503
slurm__Hydro_Hydro-2D_DoubleMachReflection_DoubleMachReflectionenzo.sqlite,H5VL_julea_db_link_init,2,0.001235,2.242899,0.00214595430810503
slurm__Hydro_Hydro-2D_DoubleMachReflection_DoubleMachReflectionenzo.sqlite,H5VL_julea_db_link_term,2,3.0e-06,2.242899,0.00214595430810503
slurm__Hydro_Hydro-2D_DoubleMachReflection_DoubleMachReflectionenzo.sqlite,H5VL_julea_db_space_encode,76,0.023024,2.242899,0.00214595430810503
slurm__Hydro_Hydro-2D_DoubleMachReflection_DoubleMachReflectionenzo.sqlite,H5VL_julea_db_space_init,2,0.000917,2.242899,0.00214595430810503
slurm__Hydro_Hydro-2D_DoubleMachReflection_DoubleMachReflectionenzo.sqlite,H5VL_julea_db_space_term,2,2.0e-06,2.242899,0.00214595430810503
slurm__Hydro_Hydro-2D_DoubleMachReflection_DoubleMachReflectionenzo.sqlite,total,10,1045.175562,2.242899,0.00214595430810503
slurm__Hydro_Hydro-2D_FreeExpansionAMR_FreeExpansionAMRenzo.sqlite,H5VL_julea_db_attr_close,231,0.000575,401.270082,0.0553017994883657
slurm__Hydro_Hydro-2D_FreeExpansionAMR_FreeExpansionAMRenzo.sqlite,H5VL_julea_db_attr_create,231,5.933422,401.270082,0.0553017994883657
slurm__Hydro_Hydro-2D_FreeExpansionAMR_FreeExpansionAMRenzo.sqlite,H5VL_julea_db_attr_init,2,0.001224,401.270082,0.0553017994883657
slurm__Hydro_Hydro-2D_FreeExpansionAMR_FreeExpansionAMRenzo.sqlite,H5VL_julea_db_attr_term,2,4.0e-06,401.270082,0.0553017994883657
slurm__Hydro_Hydro-2D_FreeExpansionAMR_FreeExpansionAMRenzo.sqlite,H5VL_julea_db_attr_write,231,0.053293,401.270082,0.0553017994883657
slurm__Hydro_Hydro-2D_FreeExpansionAMR_FreeExpansionAMRenzo.sqlite,H5VL_julea_db_dataset_close,12576,0.030633999999994,401.270082,0.0553017994883657
slurm__Hydro_Hydro-2D_FreeExpansionAMR_FreeExpansionAMRenzo.sqlite,H5VL_julea_db_dataset_create,12576,335.939554,401.270082,0.0553017994883657
slurm__Hydro_Hydro-2D_FreeExpansionAMR_FreeExpansionAMRenzo.sqlite,H5VL_julea_db_dataset_init,2,0.001312,401.270082,0.0553017994883657
slurm__Hydro_Hydro-2D_FreeExpansionAMR_FreeExpansionAMRenzo.sqlite,H5VL_julea_db_dataset_term,2,3.0e-06,401.270082,0.0553017994883657
slurm__Hydro_Hydro-2D_FreeExpansionAMR_FreeExpansionAMRenzo.sqlite,H5VL_julea_db_dataset_write,12996,11.2573409999999,401.270082,0.0553017994883657
slurm__Hydro_Hydro-2D_FreeExpansionAMR_FreeExpansionAMRenzo.sqlite,H5VL_julea_db_datatype_encode,12807,3.26841599999991,401.270082,0.0553017994883657
slurm__Hydro_Hydro-2D_FreeExpansionAMR_FreeExpansionAMRenzo.sqlite,H5VL_julea_db_datatype_init,2,0.000885,401.270082,0.0553017994883657
slurm__Hydro_Hydro-2D_FreeExpansionAMR_FreeExpansionAMRenzo.sqlite,H5VL_julea_db_datatype_term,2,2.0e-06,401.270082,0.0553017994883657
slurm__Hydro_Hydro-2D_FreeExpansionAMR_FreeExpansionAMRenzo.sqlite,H5VL_julea_db_file_close,42,4.3e-05,401.270082,0.0553017994883657
slurm__Hydro_Hydro-2D_FreeExpansionAMR_FreeExpansionAMRenzo.sqlite,H5VL_julea_db_file_create,42,0.020446,401.270082,0.0553017994883657
slurm__Hydro_Hydro-2D_FreeExpansionAMR_FreeExpansionAMRenzo.sqlite,H5VL_julea_db_file_init,2,0.006324,401.270082,0.0553017994883657
slurm__Hydro_Hydro-2D_FreeExpansionAMR_FreeExpansionAMRenzo.sqlite,H5VL_julea_db_file_term,2,4.0e-06,401.270082,0.0553017994883657
slurm__Hydro_Hydro-2D_FreeExpansionAMR_FreeExpansionAMRenzo.sqlite,H5VL_julea_db_group_close,2103,0.00228699999999998,401.270082,0.0553017994883657
slurm__Hydro_Hydro-2D_FreeExpansionAMR_FreeExpansionAMRenzo.sqlite,H5VL_julea_db_group_create,2103,21.02935,401.270082,0.0553017994883657
slurm__Hydro_Hydro-2D_FreeExpansionAMR_FreeExpansionAMRenzo.sqlite,H5VL_julea_db_group_init,2,0.00141,401.270082,0.0553017994883657
slurm__Hydro_Hydro-2D_FreeExpansionAMR_FreeExpansionAMRenzo.sqlite,H5VL_julea_db_group_term,2,4.0e-06,401.270082,0.0553017994883657
slurm__Hydro_Hydro-2D_FreeExpansionAMR_FreeExpansionAMRenzo.sqlite,H5VL_julea_db_link_create_helper,14910,19.874721,401.270082,0.0553017994883657
slurm__Hydro_Hydro-2D_FreeExpansionAMR_FreeExpansionAMRenzo.sqlite,H5VL_julea_db_link_init,2,0.001292,401.270082,0.0553017994883657
slurm__Hydro_Hydro-2D_FreeExpansionAMR_FreeExpansionAMRenzo.sqlite,H5VL_julea_db_link_term,2,3.0e-06,401.270082,0.0553017994883657
slurm__Hydro_Hydro-2D_FreeExpansionAMR_FreeExpansionAMRenzo.sqlite,H5VL_julea_db_space_encode,12807,3.84658200000003,401.270082,0.0553017994883657
slurm__Hydro_Hydro-2D_FreeExpansionAMR_FreeExpansionAMRenzo.sqlite,H5VL_julea_db_space_init,2,0.000949,401.270082,0.0553017994883657
slurm__Hydro_Hydro-2D_FreeExpansionAMR_FreeExpansionAMRenzo.sqlite,H5VL_julea_db_space_term,2,2.0e-06,401.270082,0.0553017994883657
slurm__Hydro_Hydro-2D_FreeExpansionAMR_FreeExpansionAMRenzo.sqlite,total,10,7256.004067,401.270082,0.0553017994883657
slurm__Hydro_Hydro-2D_ImplosionAMR_ImplosionAMRenzo.sqlite,H5VL_julea_db_attr_close,77,0.000204,286.075950000001,0.0118777133451732
slurm__Hydro_Hydro-2D_ImplosionAMR_ImplosionAMRenzo.sqlite,H5VL_julea_db_attr_create,77,1.958974,286.075950000001,0.0118777133451732
slurm__Hydro_Hydro-2D_ImplosionAMR_ImplosionAMRenzo.sqlite,H5VL_julea_db_attr_init,2,0.001217,286.075950000001,0.0118777133451732
slurm__Hydro_Hydro-2D_ImplosionAMR_ImplosionAMRenzo.sqlite,H5VL_julea_db_attr_term,2,4.0e-06,286.075950000001,0.0118777133451732
slurm__Hydro_Hydro-2D_ImplosionAMR_ImplosionAMRenzo.sqlite,H5VL_julea_db_attr_write,77,0.017452,286.075950000001,0.0118777133451732
slurm__Hydro_Hydro-2D_ImplosionAMR_ImplosionAMRenzo.sqlite,H5VL_julea_db_dataset_close,9084,0.0222759999999974,286.075950000001,0.0118777133451732
slurm__Hydro_Hydro-2D_ImplosionAMR_ImplosionAMRenzo.sqlite,H5VL_julea_db_dataset_create,9084,236.224578000001,286.075950000001,0.0118777133451732
slurm__Hydro_Hydro-2D_ImplosionAMR_ImplosionAMRenzo.sqlite,H5VL_julea_db_dataset_init,2,0.001335,286.075950000001,0.0118777133451732
slurm__Hydro_Hydro-2D_ImplosionAMR_ImplosionAMRenzo.sqlite,H5VL_julea_db_dataset_term,2,3.0e-06,286.075950000001,0.0118777133451732
slurm__Hydro_Hydro-2D_ImplosionAMR_ImplosionAMRenzo.sqlite,H5VL_julea_db_dataset_write,9168,7.72338299999996,286.075950000001,0.0118777133451732
slurm__Hydro_Hydro-2D_ImplosionAMR_ImplosionAMRenzo.sqlite,H5VL_julea_db_datatype_encode,9161,2.37710199999999,286.075950000001,0.0118777133451732
slurm__Hydro_Hydro-2D_ImplosionAMR_ImplosionAMRenzo.sqlite,H5VL_julea_db_datatype_init,2,0.000888,286.075950000001,0.0118777133451732
slurm__Hydro_Hydro-2D_ImplosionAMR_ImplosionAMRenzo.sqlite,H5VL_julea_db_datatype_term,2,2.0e-06,286.075950000001,0.0118777133451732
slurm__Hydro_Hydro-2D_ImplosionAMR_ImplosionAMRenzo.sqlite,H5VL_julea_db_file_close,14,1.6e-05,286.075950000001,0.0118777133451732
slurm__Hydro_Hydro-2D_ImplosionAMR_ImplosionAMRenzo.sqlite,H5VL_julea_db_file_create,14,0.008341,286.075950000001,0.0118777133451732
slurm__Hydro_Hydro-2D_ImplosionAMR_ImplosionAMRenzo.sqlite,H5VL_julea_db_file_init,2,0.006593,286.075950000001,0.0118777133451732
slurm__Hydro_Hydro-2D_ImplosionAMR_ImplosionAMRenzo.sqlite,H5VL_julea_db_file_term,2,4.0e-06,286.075950000001,0.0118777133451732
slurm__Hydro_Hydro-2D_ImplosionAMR_ImplosionAMRenzo.sqlite,H5VL_julea_db_group_close,2271,0.00249100000000001,286.075950000001,0.0118777133451732
slurm__Hydro_Hydro-2D_ImplosionAMR_ImplosionAMRenzo.sqlite,H5VL_julea_db_group_create,2271,21.8167839999999,286.075950000001,0.0118777133451732
slurm__Hydro_Hydro-2D_ImplosionAMR_ImplosionAMRenzo.sqlite,H5VL_julea_db_group_init,2,0.001437,286.075950000001,0.0118777133451732
slurm__Hydro_Hydro-2D_ImplosionAMR_ImplosionAMRenzo.sqlite,H5VL_julea_db_group_term,2,3.0e-06,286.075950000001,0.0118777133451732
slurm__Hydro_Hydro-2D_ImplosionAMR_ImplosionAMRenzo.sqlite,H5VL_julea_db_link_create_helper,11432,13.294328,286.075950000001,0.0118777133451732
slurm__Hydro_Hydro-2D_ImplosionAMR_ImplosionAMRenzo.sqlite,H5VL_julea_db_link_init,2,0.00131,286.075950000001,0.0118777133451732
slurm__Hydro_Hydro-2D_ImplosionAMR_ImplosionAMRenzo.sqlite,H5VL_julea_db_link_term,2,3.0e-06,286.075950000001,0.0118777133451732
slurm__Hydro_Hydro-2D_ImplosionAMR_ImplosionAMRenzo.sqlite,H5VL_julea_db_space_encode,9161,2.61637200000001,286.075950000001,0.0118777133451732
slurm__Hydro_Hydro-2D_ImplosionAMR_ImplosionAMRenzo.sqlite,H5VL_julea_db_space_init,2,0.000848,286.075950000001,0.0118777133451732
slurm__Hydro_Hydro-2D_ImplosionAMR_ImplosionAMRenzo.sqlite,H5VL_julea_db_space_term,2,2.0e-06,286.075950000001,0.0118777133451732
slurm__Hydro_Hydro-2D_ImplosionAMR_ImplosionAMRenzo.sqlite,total,10,24085.103057,286.075950000001,0.0118777133451732
slurm__Hydro_Hydro-2D_RampedKelvinHelmholtz2D_RampedKelvinHelmholtz2Denzo.sqlite,H5VL_julea_db_attr_close,462,0.001093,26.97222,0.00081121133081953
slurm__Hydro_Hydro-2D_RampedKelvinHelmholtz2D_RampedKelvinHelmholtz2Denzo.sqlite,H5VL_julea_db_attr_create,462,11.20547,26.97222,0.00081121133081953
slurm__Hydro_Hydro-2D_RampedKelvinHelmholtz2D_RampedKelvinHelmholtz2Denzo.sqlite,H5VL_julea_db_attr_init,2,0.00119,26.97222,0.00081121133081953
slurm__Hydro_Hydro-2D_RampedKelvinHelmholtz2D_RampedKelvinHelmholtz2Denzo.sqlite,H5VL_julea_db_attr_term,2,4.0e-06,26.97222,0.00081121133081953
slurm__Hydro_Hydro-2D_RampedKelvinHelmholtz2D_RampedKelvinHelmholtz2Denzo.sqlite,H5VL_julea_db_attr_write,462,0.101299,26.97222,0.00081121133081953
slurm__Hydro_Hydro-2D_RampedKelvinHelmholtz2D_RampedKelvinHelmholtz2Denzo.sqlite,H5VL_julea_db_dataset_close,462,0.001175,26.97222,0.00081121133081953
slurm__Hydro_Hydro-2D_RampedKelvinHelmholtz2D_RampedKelvinHelmholtz2Denzo.sqlite,H5VL_julea_db_dataset_create,462,11.299149,26.97222,0.00081121133081953
slurm__Hydro_Hydro-2D_RampedKelvinHelmholtz2D_RampedKelvinHelmholtz2Denzo.sqlite,H5VL_julea_db_dataset_init,2,0.001161,26.97222,0.00081121133081953
slurm__Hydro_Hydro-2D_RampedKelvinHelmholtz2D_RampedKelvinHelmholtz2Denzo.sqlite,H5VL_julea_db_dataset_term,2,4.0e-06,26.97222,0.00081121133081953
slurm__Hydro_Hydro-2D_RampedKelvinHelmholtz2D_RampedKelvinHelmholtz2Denzo.sqlite,H5VL_julea_db_dataset_write,1974,2.456237,26.97222,0.00081121133081953
slurm__Hydro_Hydro-2D_RampedKelvinHelmholtz2D_RampedKelvinHelmholtz2Denzo.sqlite,H5VL_julea_db_datatype_encode,924,0.256396999999999,26.97222,0.00081121133081953
slurm__Hydro_Hydro-2D_RampedKelvinHelmholtz2D_RampedKelvinHelmholtz2Denzo.sqlite,H5VL_julea_db_datatype_init,2,0.000902,26.97222,0.00081121133081953
slurm__Hydro_Hydro-2D_RampedKelvinHelmholtz2D_RampedKelvinHelmholtz2Denzo.sqlite,H5VL_julea_db_datatype_term,2,2.0e-06,26.97222,0.00081121133081953
slurm__Hydro_Hydro-2D_RampedKelvinHelmholtz2D_RampedKelvinHelmholtz2Denzo.sqlite,H5VL_julea_db_file_close,84,9.19999999999999e-05,26.97222,0.00081121133081953
slurm__Hydro_Hydro-2D_RampedKelvinHelmholtz2D_RampedKelvinHelmholtz2Denzo.sqlite,H5VL_julea_db_file_create,84,0.051546,26.97222,0.00081121133081953
slurm__Hydro_Hydro-2D_RampedKelvinHelmholtz2D_RampedKelvinHelmholtz2Denzo.sqlite,H5VL_julea_db_file_init,2,0.006635,26.97222,0.00081121133081953
slurm__Hydro_Hydro-2D_RampedKelvinHelmholtz2D_RampedKelvinHelmholtz2Denzo.sqlite,H5VL_julea_db_file_term,2,4.0e-06,26.97222,0.00081121133081953
slurm__Hydro_Hydro-2D_RampedKelvinHelmholtz2D_RampedKelvinHelmholtz2Denzo.sqlite,H5VL_julea_db_group_close,84,9.49999999999999e-05,26.97222,0.00081121133081953
slurm__Hydro_Hydro-2D_RampedKelvinHelmholtz2D_RampedKelvinHelmholtz2Denzo.sqlite,H5VL_julea_db_group_create,84,0.73416,26.97222,0.00081121133081953
slurm__Hydro_Hydro-2D_RampedKelvinHelmholtz2D_RampedKelvinHelmholtz2Denzo.sqlite,H5VL_julea_db_group_init,2,0.001498,26.97222,0.00081121133081953
slurm__Hydro_Hydro-2D_RampedKelvinHelmholtz2D_RampedKelvinHelmholtz2Denzo.sqlite,H5VL_julea_db_group_term,2,4.0e-06,26.97222,0.00081121133081953
slurm__Hydro_Hydro-2D_RampedKelvinHelmholtz2D_RampedKelvinHelmholtz2Denzo.sqlite,H5VL_julea_db_link_create_helper,1008,0.599129,26.97222,0.00081121133081953
slurm__Hydro_Hydro-2D_RampedKelvinHelmholtz2D_RampedKelvinHelmholtz2Denzo.sqlite,H5VL_julea_db_link_init,2,0.001257,26.97222,0.00081121133081953
slurm__Hydro_Hydro-2D_RampedKelvinHelmholtz2D_RampedKelvinHelmholtz2Denzo.sqlite,H5VL_julea_db_link_term,2,2.0e-06,26.97222,0.00081121133081953
slurm__Hydro_Hydro-2D_RampedKelvinHelmholtz2D_RampedKelvinHelmholtz2Denzo.sqlite,H5VL_julea_db_space_encode,924,0.252825999999999,26.97222,0.00081121133081953
slurm__Hydro_Hydro-2D_RampedKelvinHelmholtz2D_RampedKelvinHelmholtz2Denzo.sqlite,H5VL_julea_db_space_init,2,0.000887,26.97222,0.00081121133081953
slurm__Hydro_Hydro-2D_RampedKelvinHelmholtz2D_RampedKelvinHelmholtz2Denzo.sqlite,H5VL_julea_db_space_term,2,2.0e-06,26.97222,0.00081121133081953
slurm__Hydro_Hydro-2D_RampedKelvinHelmholtz2D_RampedKelvinHelmholtz2Denzo.sqlite,total,10,33249.313681,26.97222,0.00081121133081953
slurm__Hydro_Hydro-2D_SedovBlast_SedovBlastenzo.sqlite,H5VL_julea_db_attr_close,308,0.000735000000000002,15.20415,0.00109771471448327
slurm__Hydro_Hydro-2D_SedovBlast_SedovBlastenzo.sqlite,H5VL_julea_db_attr_create,308,7.725338,15.20415,0.00109771471448327
slurm__Hydro_Hydro-2D_SedovBlast_SedovBlastenzo.sqlite,H5VL_julea_db_attr_init,2,0.001215,15.20415,0.00109771471448327
slurm__Hydro_Hydro-2D_SedovBlast_SedovBlastenzo.sqlite,H5VL_julea_db_attr_term,2,4.0e-06,15.20415,0.00109771471448327
slurm__Hydro_Hydro-2D_SedovBlast_SedovBlastenzo.sqlite,H5VL_julea_db_attr_write,308,0.067732,15.20415,0.00109771471448327
slurm__Hydro_Hydro-2D_SedovBlast_SedovBlastenzo.sqlite,H5VL_julea_db_dataset_close,224,0.000554,15.20415,0.00109771471448327
slurm__Hydro_Hydro-2D_SedovBlast_SedovBlastenzo.sqlite,H5VL_julea_db_dataset_create,224,5.612531,15.20415,0.00109771471448327
slurm__Hydro_Hydro-2D_SedovBlast_SedovBlastenzo.sqlite,H5VL_julea_db_dataset_init,2,0.001299,15.20415,0.00109771471448327
slurm__Hydro_Hydro-2D_SedovBlast_SedovBlastenzo.sqlite,H5VL_julea_db_dataset_term,2,3.0e-06,15.20415,0.00109771471448327
slurm__Hydro_Hydro-2D_SedovBlast_SedovBlastenzo.sqlite,H5VL_julea_db_dataset_write,560,0.634253,15.20415,0.00109771471448327
slurm__Hydro_Hydro-2D_SedovBlast_SedovBlastenzo.sqlite,H5VL_julea_db_datatype_encode,532,0.143207,15.20415,0.00109771471448327
slurm__Hydro_Hydro-2D_SedovBlast_SedovBlastenzo.sqlite,H5VL_julea_db_datatype_init,2,0.000937,15.20415,0.00109771471448327
slurm__Hydro_Hydro-2D_SedovBlast_SedovBlastenzo.sqlite,H5VL_julea_db_datatype_term,2,2.0e-06,15.20415,0.00109771471448327
slurm__Hydro_Hydro-2D_SedovBlast_SedovBlastenzo.sqlite,H5VL_julea_db_file_close,56,5.39999999999999e-05,15.20415,0.00109771471448327
slurm__Hydro_Hydro-2D_SedovBlast_SedovBlastenzo.sqlite,H5VL_julea_db_file_create,56,0.033536,15.20415,0.00109771471448327
slurm__Hydro_Hydro-2D_SedovBlast_SedovBlastenzo.sqlite,H5VL_julea_db_file_init,2,0.006474,15.20415,0.00109771471448327
slurm__Hydro_Hydro-2D_SedovBlast_SedovBlastenzo.sqlite,H5VL_julea_db_file_term,2,4.0e-06,15.20415,0.00109771471448327
slurm__Hydro_Hydro-2D_SedovBlast_SedovBlastenzo.sqlite,H5VL_julea_db_group_close,56,6.29999999999999e-05,15.20415,0.00109771471448327
slurm__Hydro_Hydro-2D_SedovBlast_SedovBlastenzo.sqlite,H5VL_julea_db_group_create,56,0.498244,15.20415,0.00109771471448327
slurm__Hydro_Hydro-2D_SedovBlast_SedovBlastenzo.sqlite,H5VL_julea_db_group_init,2,0.001475,15.20415,0.00109771471448327
slurm__Hydro_Hydro-2D_SedovBlast_SedovBlastenzo.sqlite,H5VL_julea_db_group_term,2,3.0e-06,15.20415,0.00109771471448327
slurm__Hydro_Hydro-2D_SedovBlast_SedovBlastenzo.sqlite,H5VL_julea_db_link_create_helper,588,0.329699,15.20415,0.00109771471448327
slurm__Hydro_Hydro-2D_SedovBlast_SedovBlastenzo.sqlite,H5VL_julea_db_link_init,2,0.001334,15.20415,0.00109771471448327
slurm__Hydro_Hydro-2D_SedovBlast_SedovBlastenzo.sqlite,H5VL_julea_db_link_term,2,4.0e-06,15.20415,0.00109771471448327
slurm__Hydro_Hydro-2D_SedovBlast_SedovBlastenzo.sqlite,H5VL_julea_db_space_encode,532,0.144524,15.20415,0.00109771471448327
slurm__Hydro_Hydro-2D_SedovBlast_SedovBlastenzo.sqlite,H5VL_julea_db_space_init,2,0.000924,15.20415,0.00109771471448327
slurm__Hydro_Hydro-2D_SedovBlast_SedovBlastenzo.sqlite,H5VL_julea_db_space_term,2,2.0e-06,15.20415,0.00109771471448327
slurm__Hydro_Hydro-2D_SedovBlast_SedovBlastenzo.sqlite,total,10,13850.729884,15.20415,0.00109771471448327
slurm__Hydro_Hydro-2D_ValidatedNonlinearKelvinHelmholtz_2D-LongKH-AMRenzo.sqlite,H5VL_julea_db_attr_close,902,0.002194,51.408813,0.00200603438777025
slurm__Hydro_Hydro-2D_ValidatedNonlinearKelvinHelmholtz_2D-LongKH-AMRenzo.sqlite,H5VL_julea_db_attr_create,902,22.716023,51.408813,0.00200603438777025
slurm__Hydro_Hydro-2D_ValidatedNonlinearKelvinHelmholtz_2D-LongKH-AMRenzo.sqlite,H5VL_julea_db_attr_init,2,0.001261,51.408813,0.00200603438777025
slurm__Hydro_Hydro-2D_ValidatedNonlinearKelvinHelmholtz_2D-LongKH-AMRenzo.sqlite,H5VL_julea_db_attr_term,2,1.5e-05,51.408813,0.00200603438777025
slurm__Hydro_Hydro-2D_ValidatedNonlinearKelvinHelmholtz_2D-LongKH-AMRenzo.sqlite,H5VL_julea_db_attr_write,902,0.199635,51.408813,0.00200603438777025
slurm__Hydro_Hydro-2D_ValidatedNonlinearKelvinHelmholtz_2D-LongKH-AMRenzo.sqlite,H5VL_julea_db_dataset_close,820,0.00199500000000001,51.408813,0.00200603438777025
slurm__Hydro_Hydro-2D_ValidatedNonlinearKelvinHelmholtz_2D-LongKH-AMRenzo.sqlite,H5VL_julea_db_dataset_create,820,20.659911,51.408813,0.00200603438777025
slurm__Hydro_Hydro-2D_ValidatedNonlinearKelvinHelmholtz_2D-LongKH-AMRenzo.sqlite,H5VL_julea_db_dataset_init,2,0.001301,51.408813,0.00200603438777025
slurm__Hydro_Hydro-2D_ValidatedNonlinearKelvinHelmholtz_2D-LongKH-AMRenzo.sqlite,H5VL_julea_db_dataset_term,2,3.0e-06,51.408813,0.00200603438777025
slurm__Hydro_Hydro-2D_ValidatedNonlinearKelvinHelmholtz_2D-LongKH-AMRenzo.sqlite,H5VL_julea_db_dataset_write,4428,4.13129,51.408813,0.00200603438777025
slurm__Hydro_Hydro-2D_ValidatedNonlinearKelvinHelmholtz_2D-LongKH-AMRenzo.sqlite,H5VL_julea_db_datatype_encode,1722,0.455778000000001,51.408813,0.00200603438777025
slurm__Hydro_Hydro-2D_ValidatedNonlinearKelvinHelmholtz_2D-LongKH-AMRenzo.sqlite,H5VL_julea_db_datatype_init,2,0.000903,51.408813,0.00200603438777025
slurm__Hydro_Hydro-2D_ValidatedNonlinearKelvinHelmholtz_2D-LongKH-AMRenzo.sqlite,H5VL_julea_db_datatype_term,2,2.0e-06,51.408813,0.00200603438777025
slurm__Hydro_Hydro-2D_ValidatedNonlinearKelvinHelmholtz_2D-LongKH-AMRenzo.sqlite,H5VL_julea_db_file_close,164,0.000167,51.408813,0.00200603438777025
slurm__Hydro_Hydro-2D_ValidatedNonlinearKelvinHelmholtz_2D-LongKH-AMRenzo.sqlite,H5VL_julea_db_file_create,164,0.09609,51.408813,0.00200603438777025
slurm__Hydro_Hydro-2D_ValidatedNonlinearKelvinHelmholtz_2D-LongKH-AMRenzo.sqlite,H5VL_julea_db_file_init,2,0.006157,51.408813,0.00200603438777025
slurm__Hydro_Hydro-2D_ValidatedNonlinearKelvinHelmholtz_2D-LongKH-AMRenzo.sqlite,H5VL_julea_db_file_term,2,4.0e-06,51.408813,0.00200603438777025
slurm__Hydro_Hydro-2D_ValidatedNonlinearKelvinHelmholtz_2D-LongKH-AMRenzo.sqlite,H5VL_julea_db_group_close,164,0.000196,51.408813,0.00200603438777025
slurm__Hydro_Hydro-2D_ValidatedNonlinearKelvinHelmholtz_2D-LongKH-AMRenzo.sqlite,H5VL_julea_db_group_create,164,1.468879,51.408813,0.00200603438777025
slurm__Hydro_Hydro-2D_ValidatedNonlinearKelvinHelmholtz_2D-LongKH-AMRenzo.sqlite,H5VL_julea_db_group_init,2,0.001492,51.408813,0.00200603438777025
slurm__Hydro_Hydro-2D_ValidatedNonlinearKelvinHelmholtz_2D-LongKH-AMRenzo.sqlite,H5VL_julea_db_group_term,2,4.0e-06,51.408813,0.00200603438777025
slurm__Hydro_Hydro-2D_ValidatedNonlinearKelvinHelmholtz_2D-LongKH-AMRenzo.sqlite,H5VL_julea_db_link_create_helper,1886,1.198081,51.408813,0.00200603438777025
slurm__Hydro_Hydro-2D_ValidatedNonlinearKelvinHelmholtz_2D-LongKH-AMRenzo.sqlite,H5VL_julea_db_link_init,2,0.001329,51.408813,0.00200603438777025
slurm__Hydro_Hydro-2D_ValidatedNonlinearKelvinHelmholtz_2D-LongKH-AMRenzo.sqlite,H5VL_julea_db_link_term,2,3.0e-06,51.408813,0.00200603438777025
slurm__Hydro_Hydro-2D_ValidatedNonlinearKelvinHelmholtz_2D-LongKH-AMRenzo.sqlite,H5VL_julea_db_space_encode,1722,0.465166,51.408813,0.00200603438777025
slurm__Hydro_Hydro-2D_ValidatedNonlinearKelvinHelmholtz_2D-LongKH-AMRenzo.sqlite,H5VL_julea_db_space_init,2,0.000932,51.408813,0.00200603438777025
slurm__Hydro_Hydro-2D_ValidatedNonlinearKelvinHelmholtz_2D-LongKH-AMRenzo.sqlite,H5VL_julea_db_space_term,2,2.0e-06,51.408813,0.00200603438777025
slurm__Hydro_Hydro-2D_ValidatedNonlinearKelvinHelmholtz_2D-LongKH-AMRenzo.sqlite,total,10,25627.084617,51.408813,0.00200603438777025
slurm__Hydro_Hydro-3D_CollapseTestNonCosmological_CollapseTestNonCosmologicalenzo.sqlite,H5VL_julea_db_attr_close,1136,0.00282799999999997,122.747664,0.00902020241786896
slurm__Hydro_Hydro-3D_CollapseTestNonCosmological_CollapseTestNonCosmologicalenzo.sqlite,H5VL_julea_db_attr_create,1136,29.31679,122.747664,0.00902020241786896
slurm__Hydro_Hydro-3D_CollapseTestNonCosmological_CollapseTestNonCosmologicalenzo.sqlite,H5VL_julea_db_attr_init,2,0.001265,122.747664,0.00902020241786896
slurm__Hydro_Hydro-3D_CollapseTestNonCosmological_CollapseTestNonCosmologicalenzo.sqlite,H5VL_julea_db_attr_term,2,3.0e-06,122.747664,0.00902020241786896
slurm__Hydro_Hydro-3D_CollapseTestNonCosmological_CollapseTestNonCosmologicalenzo.sqlite,H5VL_julea_db_attr_write,1136,0.254933,122.747664,0.00902020241786896
slurm__Hydro_Hydro-3D_CollapseTestNonCosmological_CollapseTestNonCosmologicalenzo.sqlite,H5VL_julea_db_dataset_close,3009,0.00741100000000039,122.747664,0.00902020241786896
slurm__Hydro_Hydro-3D_CollapseTestNonCosmological_CollapseTestNonCosmologicalenzo.sqlite,H5VL_julea_db_dataset_create,3009,78.0378389999999,122.747664,0.00902020241786896
slurm__Hydro_Hydro-3D_CollapseTestNonCosmological_CollapseTestNonCosmologicalenzo.sqlite,H5VL_julea_db_dataset_init,2,0.001303,122.747664,0.00902020241786896
slurm__Hydro_Hydro-3D_CollapseTestNonCosmological_CollapseTestNonCosmologicalenzo.sqlite,H5VL_julea_db_dataset_term,2,4.0e-06,122.747664,0.00902020241786896
slurm__Hydro_Hydro-3D_CollapseTestNonCosmological_CollapseTestNonCosmologicalenzo.sqlite,H5VL_julea_db_dataset_write,5139,5.080288,122.747664,0.00902020241786896
slurm__Hydro_Hydro-3D_CollapseTestNonCosmological_CollapseTestNonCosmologicalenzo.sqlite,H5VL_julea_db_datatype_encode,4145,1.101409,122.747664,0.00902020241786896
slurm__Hydro_Hydro-3D_CollapseTestNonCosmological_CollapseTestNonCosmologicalenzo.sqlite,H5VL_julea_db_datatype_init,2,0.000911,122.747664,0.00902020241786896
slurm__Hydro_Hydro-3D_CollapseTestNonCosmological_CollapseTestNonCosmologicalenzo.sqlite,H5VL_julea_db_datatype_term,2,1.0e-06,122.747664,0.00902020241786896
slurm__Hydro_Hydro-3D_CollapseTestNonCosmological_CollapseTestNonCosmologicalenzo.sqlite,H5VL_julea_db_file_close,142,0.000148,122.747664,0.00902020241786896
slurm__Hydro_Hydro-3D_CollapseTestNonCosmological_CollapseTestNonCosmologicalenzo.sqlite,H5VL_julea_db_file_create,142,0.084709,122.747664,0.00902020241786896
slurm__Hydro_Hydro-3D_CollapseTestNonCosmological_CollapseTestNonCosmologicalenzo.sqlite,H5VL_julea_db_file_init,2,0.006529,122.747664,0.00902020241786896
slurm__Hydro_Hydro-3D_CollapseTestNonCosmological_CollapseTestNonCosmologicalenzo.sqlite,H5VL_julea_db_file_term,2,8.0e-06,122.747664,0.00902020241786896
slurm__Hydro_Hydro-3D_CollapseTestNonCosmological_CollapseTestNonCosmologicalenzo.sqlite,H5VL_julea_db_group_close,440,0.000497000000000004,122.747664,0.00902020241786896
slurm__Hydro_Hydro-3D_CollapseTestNonCosmological_CollapseTestNonCosmologicalenzo.sqlite,H5VL_julea_db_group_create,440,4.087888,122.747664,0.00902020241786896
slurm__Hydro_Hydro-3D_CollapseTestNonCosmological_CollapseTestNonCosmologicalenzo.sqlite,H5VL_julea_db_group_init,2,0.001491,122.747664,0.00902020241786896
slurm__Hydro_Hydro-3D_CollapseTestNonCosmological_CollapseTestNonCosmologicalenzo.sqlite,H5VL_julea_db_group_term,2,4.0e-06,122.747664,0.00902020241786896
slurm__Hydro_Hydro-3D_CollapseTestNonCosmological_CollapseTestNonCosmologicalenzo.sqlite,H5VL_julea_db_link_create_helper,4585,3.62474500000001,122.747664,0.00902020241786896
slurm__Hydro_Hydro-3D_CollapseTestNonCosmological_CollapseTestNonCosmologicalenzo.sqlite,H5VL_julea_db_link_init,2,0.001328,122.747664,0.00902020241786896
slurm__Hydro_Hydro-3D_CollapseTestNonCosmological_CollapseTestNonCosmologicalenzo.sqlite,H5VL_julea_db_link_term,2,4.0e-06,122.747664,0.00902020241786896
slurm__Hydro_Hydro-3D_CollapseTestNonCosmological_CollapseTestNonCosmologicalenzo.sqlite,H5VL_julea_db_space_encode,4145,1.13449600000001,122.747664,0.00902020241786896
slurm__Hydro_Hydro-3D_CollapseTestNonCosmological_CollapseTestNonCosmologicalenzo.sqlite,H5VL_julea_db_space_init,2,0.00083,122.747664,0.00902020241786896
slurm__Hydro_Hydro-3D_CollapseTestNonCosmological_CollapseTestNonCosmologicalenzo.sqlite,H5VL_julea_db_space_term,2,2.0e-06,122.747664,0.00902020241786896
slurm__Hydro_Hydro-3D_CollapseTestNonCosmological_CollapseTestNonCosmologicalenzo.sqlite,total,10,13608.083091,122.747664,0.00902020241786896
slurm__Hydro_Hydro-3D_NFWCoolCoreCluster_NFWCoolCoreClusterenzo.sqlite,H5VL_julea_db_attr_close,304,0.000768000000000002,46.284039,0.00343505378092497
slurm__Hydro_Hydro-3D_NFWCoolCoreCluster_NFWCoolCoreClusterenzo.sqlite,H5VL_julea_db_attr_create,304,7.658781,46.284039,0.00343505378092497
slurm__Hydro_Hydro-3D_NFWCoolCoreCluster_NFWCoolCoreClusterenzo.sqlite,H5VL_julea_db_attr_init,2,0.001202,46.284039,0.00343505378092497
slurm__Hydro_Hydro-3D_NFWCoolCoreCluster_NFWCoolCoreClusterenzo.sqlite,H5VL_julea_db_attr_term,2,3.0e-06,46.284039,0.00343505378092497
slurm__Hydro_Hydro-3D_NFWCoolCoreCluster_NFWCoolCoreClusterenzo.sqlite,H5VL_julea_db_attr_write,304,0.064727,46.284039,0.00343505378092497
slurm__Hydro_Hydro-3D_NFWCoolCoreCluster_NFWCoolCoreClusterenzo.sqlite,H5VL_julea_db_dataset_close,1230,0.00311999999999996,46.284039,0.00343505378092497
slurm__Hydro_Hydro-3D_NFWCoolCoreCluster_NFWCoolCoreClusterenzo.sqlite,H5VL_julea_db_dataset_create,1230,31.270948,46.284039,0.00343505378092497
slurm__Hydro_Hydro-3D_NFWCoolCoreCluster_NFWCoolCoreClusterenzo.sqlite,H5VL_julea_db_dataset_init,2,0.001324,46.284039,0.00343505378092497
slurm__Hydro_Hydro-3D_NFWCoolCoreCluster_NFWCoolCoreClusterenzo.sqlite,H5VL_julea_db_dataset_term,2,4.0e-06,46.284039,0.00343505378092497
slurm__Hydro_Hydro-3D_NFWCoolCoreCluster_NFWCoolCoreClusterenzo.sqlite,H5VL_julea_db_dataset_write,1686,3.50451599999999,46.284039,0.00343505378092497
slurm__Hydro_Hydro-3D_NFWCoolCoreCluster_NFWCoolCoreClusterenzo.sqlite,H5VL_julea_db_datatype_encode,1534,0.409967,46.284039,0.00343505378092497
slurm__Hydro_Hydro-3D_NFWCoolCoreCluster_NFWCoolCoreClusterenzo.sqlite,H5VL_julea_db_datatype_init,2,0.000969,46.284039,0.00343505378092497
slurm__Hydro_Hydro-3D_NFWCoolCoreCluster_NFWCoolCoreClusterenzo.sqlite,H5VL_julea_db_datatype_term,2,2.0e-06,46.284039,0.00343505378092497
slurm__Hydro_Hydro-3D_NFWCoolCoreCluster_NFWCoolCoreClusterenzo.sqlite,H5VL_julea_db_file_close,38,3.9e-05,46.284039,0.00343505378092497
slurm__Hydro_Hydro-3D_NFWCoolCoreCluster_NFWCoolCoreClusterenzo.sqlite,H5VL_julea_db_file_create,38,0.022282,46.284039,0.00343505378092497
slurm__Hydro_Hydro-3D_NFWCoolCoreCluster_NFWCoolCoreClusterenzo.sqlite,H5VL_julea_db_file_init,2,0.006453,46.284039,0.00343505378092497
slurm__Hydro_Hydro-3D_NFWCoolCoreCluster_NFWCoolCoreClusterenzo.sqlite,H5VL_julea_db_file_term,2,4.0e-06,46.284039,0.00343505378092497
slurm__Hydro_Hydro-3D_NFWCoolCoreCluster_NFWCoolCoreClusterenzo.sqlite,H5VL_julea_db_group_close,205,0.000231999999999999,46.284039,0.00343505378092497
slurm__Hydro_Hydro-3D_NFWCoolCoreCluster_NFWCoolCoreClusterenzo.sqlite,H5VL_julea_db_group_create,205,1.857188,46.284039,0.00343505378092497
slurm__Hydro_Hydro-3D_NFWCoolCoreCluster_NFWCoolCoreClusterenzo.sqlite,H5VL_julea_db_group_init,2,0.001473,46.284039,0.00343505378092497
slurm__Hydro_Hydro-3D_NFWCoolCoreCluster_NFWCoolCoreClusterenzo.sqlite,H5VL_julea_db_group_term,2,4.0e-06,46.284039,0.00343505378092497
slurm__Hydro_Hydro-3D_NFWCoolCoreCluster_NFWCoolCoreClusterenzo.sqlite,H5VL_julea_db_link_create_helper,1739,1.045539,46.284039,0.00343505378092497
slurm__Hydro_Hydro-3D_NFWCoolCoreCluster_NFWCoolCoreClusterenzo.sqlite,H5VL_julea_db_link_init,2,0.001299,46.284039,0.00343505378092497
slurm__Hydro_Hydro-3D_NFWCoolCoreCluster_NFWCoolCoreClusterenzo.sqlite,H5VL_julea_db_link_term,2,4.0e-06,46.284039,0.00343505378092497
slurm__Hydro_Hydro-3D_NFWCoolCoreCluster_NFWCoolCoreClusterenzo.sqlite,H5VL_julea_db_space_encode,1534,0.432268000000001,46.284039,0.00343505378092497
slurm__Hydro_Hydro-3D_NFWCoolCoreCluster_NFWCoolCoreClusterenzo.sqlite,H5VL_julea_db_space_init,2,0.000921,46.284039,0.00343505378092497
slurm__Hydro_Hydro-3D_NFWCoolCoreCluster_NFWCoolCoreClusterenzo.sqlite,H5VL_julea_db_space_term,2,2.0e-06,46.284039,0.00343505378092497
slurm__Hydro_Hydro-3D_NFWCoolCoreCluster_NFWCoolCoreClusterenzo.sqlite,total,10,13474.036202,46.284039,0.00343505378092497
slurm__Hydro_Hydro-3D_NohProblem3D_NohProblem3Denzo.sqlite,H5VL_julea_db_attr_close,112,0.000268,6.296729,0.000205758733533892
slurm__Hydro_Hydro-3D_NohProblem3D_NohProblem3Denzo.sqlite,H5VL_julea_db_attr_create,112,2.775019,6.296729,0.000205758733533892
slurm__Hydro_Hydro-3D_NohProblem3D_NohProblem3Denzo.sqlite,H5VL_julea_db_attr_init,2,0.001202,6.296729,0.000205758733533892
slurm__Hydro_Hydro-3D_NohProblem3D_NohProblem3Denzo.sqlite,H5VL_julea_db_attr_term,2,4.0e-06,6.296729,0.000205758733533892
slurm__Hydro_Hydro-3D_NohProblem3D_NohProblem3Denzo.sqlite,H5VL_julea_db_attr_write,112,0.024712,6.296729,0.000205758733533892
slurm__Hydro_Hydro-3D_NohProblem3D_NohProblem3Denzo.sqlite,H5VL_julea_db_dataset_close,77,0.000208,6.296729,0.000205758733533892
slurm__Hydro_Hydro-3D_NohProblem3D_NohProblem3Denzo.sqlite,H5VL_julea_db_dataset_create,77,1.915208,6.296729,0.000205758733533892
slurm__Hydro_Hydro-3D_NohProblem3D_NohProblem3Denzo.sqlite,H5VL_julea_db_dataset_init,2,0.001145,6.296729,0.000205758733533892
slurm__Hydro_Hydro-3D_NohProblem3D_NohProblem3Denzo.sqlite,H5VL_julea_db_dataset_term,2,4.0e-06,6.296729,0.000205758733533892
slurm__Hydro_Hydro-3D_NohProblem3D_NohProblem3Denzo.sqlite,H5VL_julea_db_dataset_write,245,1.225773,6.296729,0.000205758733533892
slurm__Hydro_Hydro-3D_NohProblem3D_NohProblem3Denzo.sqlite,H5VL_julea_db_datatype_encode,189,0.053695,6.296729,0.000205758733533892
slurm__Hydro_Hydro-3D_NohProblem3D_NohProblem3Denzo.sqlite,H5VL_julea_db_datatype_init,2,0.000877,6.296729,0.000205758733533892
slurm__Hydro_Hydro-3D_NohProblem3D_NohProblem3Denzo.sqlite,H5VL_julea_db_datatype_term,2,2.0e-06,6.296729,0.000205758733533892
slurm__Hydro_Hydro-3D_NohProblem3D_NohProblem3Denzo.sqlite,H5VL_julea_db_file_close,14,1.5e-05,6.296729,0.000205758733533892
slurm__Hydro_Hydro-3D_NohProblem3D_NohProblem3Denzo.sqlite,H5VL_julea_db_file_create,14,0.008781,6.296729,0.000205758733533892
slurm__Hydro_Hydro-3D_NohProblem3D_NohProblem3Denzo.sqlite,H5VL_julea_db_file_init,2,0.006787,6.296729,0.000205758733533892
slurm__Hydro_Hydro-3D_NohProblem3D_NohProblem3Denzo.sqlite,H5VL_julea_db_file_term,2,3.0e-06,6.296729,0.000205758733533892
slurm__Hydro_Hydro-3D_NohProblem3D_NohProblem3Denzo.sqlite,H5VL_julea_db_group_close,14,1.4e-05,6.296729,0.000205758733533892
slurm__Hydro_Hydro-3D_NohProblem3D_NohProblem3Denzo.sqlite,H5VL_julea_db_group_create,14,0.122613,6.296729,0.000205758733533892
slurm__Hydro_Hydro-3D_NohProblem3D_NohProblem3Denzo.sqlite,H5VL_julea_db_group_init,2,0.00148,6.296729,0.000205758733533892
slurm__Hydro_Hydro-3D_NohProblem3D_NohProblem3Denzo.sqlite,H5VL_julea_db_group_term,2,4.0e-06,6.296729,0.000205758733533892
slurm__Hydro_Hydro-3D_NohProblem3D_NohProblem3Denzo.sqlite,H5VL_julea_db_link_create_helper,203,0.105526,6.296729,0.000205758733533892
slurm__Hydro_Hydro-3D_NohProblem3D_NohProblem3Denzo.sqlite,H5VL_julea_db_link_init,2,0.001305,6.296729,0.000205758733533892
slurm__Hydro_Hydro-3D_NohProblem3D_NohProblem3Denzo.sqlite,H5VL_julea_db_link_term,2,5.0e-06,6.296729,0.000205758733533892
slurm__Hydro_Hydro-3D_NohProblem3D_NohProblem3Denzo.sqlite,H5VL_julea_db_space_encode,189,0.051158,6.296729,0.000205758733533892
slurm__Hydro_Hydro-3D_NohProblem3D_NohProblem3Denzo.sqlite,H5VL_julea_db_space_init,2,0.00092,6.296729,0.000205758733533892
slurm__Hydro_Hydro-3D_NohProblem3D_NohProblem3Denzo.sqlite,H5VL_julea_db_space_term,2,1.0e-06,6.296729,0.000205758733533892
slurm__Hydro_Hydro-3D_NohProblem3D_NohProblem3Denzo.sqlite,total,10,30602.487155,6.296729,0.000205758733533892
slurm__Hydro_Hydro-3D_RotatingCylinder_RotatingCylinderenzo.sqlite,H5VL_julea_db_attr_close,432,0.001057,26.133865,0.000976854497098659
slurm__Hydro_Hydro-3D_RotatingCylinder_RotatingCylinderenzo.sqlite,H5VL_julea_db_attr_create,432,10.605047,26.133865,0.000976854497098659
slurm__Hydro_Hydro-3D_RotatingCylinder_RotatingCylinderenzo.sqlite,H5VL_julea_db_attr_init,2,0.001163,26.133865,0.000976854497098659
slurm__Hydro_Hydro-3D_RotatingCylinder_RotatingCylinderenzo.sqlite,H5VL_julea_db_attr_term,2,3.0e-06,26.133865,0.000976854497098659
slurm__Hydro_Hydro-3D_RotatingCylinder_RotatingCylinderenzo.sqlite,H5VL_julea_db_attr_write,432,0.0976759999999999,26.133865,0.000976854497098659
slurm__Hydro_Hydro-3D_RotatingCylinder_RotatingCylinderenzo.sqlite,H5VL_julea_db_dataset_close,486,0.001211,26.133865,0.000976854497098659
slurm__Hydro_Hydro-3D_RotatingCylinder_RotatingCylinderenzo.sqlite,H5VL_julea_db_dataset_create,486,11.931878,26.133865,0.000976854497098659
slurm__Hydro_Hydro-3D_RotatingCylinder_RotatingCylinderenzo.sqlite,H5VL_julea_db_dataset_init,2,0.001323,26.133865,0.000976854497098659
slurm__Hydro_Hydro-3D_RotatingCylinder_RotatingCylinderenzo.sqlite,H5VL_julea_db_dataset_term,2,3.0e-06,26.133865,0.000976854497098659
slurm__Hydro_Hydro-3D_RotatingCylinder_RotatingCylinderenzo.sqlite,H5VL_julea_db_dataset_write,1296,1.707557,26.133865,0.000976854497098659
slurm__Hydro_Hydro-3D_RotatingCylinder_RotatingCylinderenzo.sqlite,H5VL_julea_db_datatype_encode,918,0.233585000000001,26.133865,0.000976854497098659
slurm__Hydro_Hydro-3D_RotatingCylinder_RotatingCylinderenzo.sqlite,H5VL_julea_db_datatype_init,2,0.000918,26.133865,0.000976854497098659
slurm__Hydro_Hydro-3D_RotatingCylinder_RotatingCylinderenzo.sqlite,H5VL_julea_db_datatype_term,2,2.0e-06,26.133865,0.000976854497098659
slurm__Hydro_Hydro-3D_RotatingCylinder_RotatingCylinderenzo.sqlite,H5VL_julea_db_file_close,54,5.4e-05,26.133865,0.000976854497098659
slurm__Hydro_Hydro-3D_RotatingCylinder_RotatingCylinderenzo.sqlite,H5VL_julea_db_file_create,54,0.030682,26.133865,0.000976854497098659
slurm__Hydro_Hydro-3D_RotatingCylinder_RotatingCylinderenzo.sqlite,H5VL_julea_db_file_init,2,0.006457,26.133865,0.000976854497098659
slurm__Hydro_Hydro-3D_RotatingCylinder_RotatingCylinderenzo.sqlite,H5VL_julea_db_file_term,2,4.0e-06,26.133865,0.000976854497098659
slurm__Hydro_Hydro-3D_RotatingCylinder_RotatingCylinderenzo.sqlite,H5VL_julea_db_group_close,81,8.79999999999999e-05,26.133865,0.000976854497098659
slurm__Hydro_Hydro-3D_RotatingCylinder_RotatingCylinderenzo.sqlite,H5VL_julea_db_group_create,81,0.706417,26.133865,0.000976854497098659
slurm__Hydro_Hydro-3D_RotatingCylinder_RotatingCylinderenzo.sqlite,H5VL_julea_db_group_init,2,0.001437,26.133865,0.000976854497098659
slurm__Hydro_Hydro-3D_RotatingCylinder_RotatingCylinderenzo.sqlite,H5VL_julea_db_group_term,2,4.0e-06,26.133865,0.000976854497098659
slurm__Hydro_Hydro-3D_RotatingCylinder_RotatingCylinderenzo.sqlite,H5VL_julea_db_link_create_helper,999,0.553724,26.133865,0.000976854497098659
slurm__Hydro_Hydro-3D_RotatingCylinder_RotatingCylinderenzo.sqlite,H5VL_julea_db_link_init,2,0.001246,26.133865,0.000976854497098659
slurm__Hydro_Hydro-3D_RotatingCylinder_RotatingCylinderenzo.sqlite,H5VL_julea_db_link_term,2,3.0e-06,26.133865,0.000976854497098659
slurm__Hydro_Hydro-3D_RotatingCylinder_RotatingCylinderenzo.sqlite,H5VL_julea_db_space_encode,918,0.251393,26.133865,0.000976854497098659
slurm__Hydro_Hydro-3D_RotatingCylinder_RotatingCylinderenzo.sqlite,H5VL_julea_db_space_init,2,0.000931,26.133865,0.000976854497098659
slurm__Hydro_Hydro-3D_RotatingCylinder_RotatingCylinderenzo.sqlite,H5VL_julea_db_space_term,2,2.0e-06,26.133865,0.000976854497098659
slurm__Hydro_Hydro-3D_RotatingCylinder_RotatingCylinderenzo.sqlite,total,10,26753.078455,26.133865,0.000976854497098659
slurm__Hydro_Hydro-3D_StripTest_StripTestenzo.sqlite,H5VL_julea_db_attr_close,32,8.3e-05,1.651394,5.66085087251411e-05
slurm__Hydro_Hydro-3D_StripTest_StripTestenzo.sqlite,H5VL_julea_db_attr_create,32,0.783839,1.651394,5.66085087251411e-05
slurm__Hydro_Hydro-3D_StripTest_StripTestenzo.sqlite,H5VL_julea_db_attr_init,2,0.001215,1.651394,5.66085087251411e-05
slurm__Hydro_Hydro-3D_StripTest_StripTestenzo.sqlite,H5VL_julea_db_attr_term,2,5.0e-06,1.651394,5.66085087251411e-05
slurm__Hydro_Hydro-3D_StripTest_StripTestenzo.sqlite,H5VL_julea_db_attr_write,32,0.006933,1.651394,5.66085087251411e-05
slurm__Hydro_Hydro-3D_StripTest_StripTestenzo.sqlite,H5VL_julea_db_dataset_close,27,6.4e-05,1.651394,5.66085087251411e-05
slurm__Hydro_Hydro-3D_StripTest_StripTestenzo.sqlite,H5VL_julea_db_dataset_create,27,0.661768,1.651394,5.66085087251411e-05
slurm__Hydro_Hydro-3D_StripTest_StripTestenzo.sqlite,H5VL_julea_db_dataset_init,2,0.001117,1.651394,5.66085087251411e-05
slurm__Hydro_Hydro-3D_StripTest_StripTestenzo.sqlite,H5VL_julea_db_dataset_term,2,3.0e-06,1.651394,5.66085087251411e-05
slurm__Hydro_Hydro-3D_StripTest_StripTestenzo.sqlite,H5VL_julea_db_dataset_write,75,0.071562,1.651394,5.66085087251411e-05
slurm__Hydro_Hydro-3D_StripTest_StripTestenzo.sqlite,H5VL_julea_db_datatype_encode,59,0.016514,1.651394,5.66085087251411e-05
slurm__Hydro_Hydro-3D_StripTest_StripTestenzo.sqlite,H5VL_julea_db_datatype_init,2,0.000883,1.651394,5.66085087251411e-05
slurm__Hydro_Hydro-3D_StripTest_StripTestenzo.sqlite,H5VL_julea_db_datatype_term,2,2.0e-06,1.651394,5.66085087251411e-05
slurm__Hydro_Hydro-3D_StripTest_StripTestenzo.sqlite,H5VL_julea_db_file_close,4,4.0e-06,1.651394,5.66085087251411e-05
slurm__Hydro_Hydro-3D_StripTest_StripTestenzo.sqlite,H5VL_julea_db_file_create,4,0.002601,1.651394,5.66085087251411e-05
slurm__Hydro_Hydro-3D_StripTest_StripTestenzo.sqlite,H5VL_julea_db_file_init,2,0.007125,1.651394,5.66085087251411e-05
slurm__Hydro_Hydro-3D_StripTest_StripTestenzo.sqlite,H5VL_julea_db_file_term,2,4.0e-06,1.651394,5.66085087251411e-05
slurm__Hydro_Hydro-3D_StripTest_StripTestenzo.sqlite,H5VL_julea_db_group_close,5,7.0e-06,1.651394,5.66085087251411e-05
slurm__Hydro_Hydro-3D_StripTest_StripTestenzo.sqlite,H5VL_julea_db_group_create,5,0.043712,1.651394,5.66085087251411e-05
slurm__Hydro_Hydro-3D_StripTest_StripTestenzo.sqlite,H5VL_julea_db_group_init,2,0.001397,1.651394,5.66085087251411e-05
slurm__Hydro_Hydro-3D_StripTest_StripTestenzo.sqlite,H5VL_julea_db_group_term,2,4.0e-06,1.651394,5.66085087251411e-05
slurm__Hydro_Hydro-3D_StripTest_StripTestenzo.sqlite,H5VL_julea_db_link_create_helper,64,0.03285,1.651394,5.66085087251411e-05
slurm__Hydro_Hydro-3D_StripTest_StripTestenzo.sqlite,H5VL_julea_db_link_init,2,0.00109,1.651394,5.66085087251411e-05
slurm__Hydro_Hydro-3D_StripTest_StripTestenzo.sqlite,H5VL_julea_db_link_term,2,4.0e-06,1.651394,5.66085087251411e-05
slurm__Hydro_Hydro-3D_StripTest_StripTestenzo.sqlite,H5VL_julea_db_space_encode,59,0.017798,1.651394,5.66085087251411e-05
slurm__Hydro_Hydro-3D_StripTest_StripTestenzo.sqlite,H5VL_julea_db_space_init,2,0.000808,1.651394,5.66085087251411e-05
slurm__Hydro_Hydro-3D_StripTest_StripTestenzo.sqlite,H5VL_julea_db_space_term,2,2.0e-06,1.651394,5.66085087251411e-05
slurm__Hydro_Hydro-3D_StripTest_StripTestenzo.sqlite,total,10,29172.186959,1.651394,5.66085087251411e-05
slurm__MHD_2D_SedovBlast-MHD-2D-Fryxell_SedovBlast-MHD-2D-Fryxellenzo.sqlite,H5VL_julea_db_attr_close,132,0.000334,275.574780000001,0.048506317651354
slurm__MHD_2D_SedovBlast-MHD-2D-Fryxell_SedovBlast-MHD-2D-Fryxellenzo.sqlite,H5VL_julea_db_attr_create,132,3.189951,275.574780000001,0.048506317651354
slurm__MHD_2D_SedovBlast-MHD-2D-Fryxell_SedovBlast-MHD-2D-Fryxellenzo.sqlite,H5VL_julea_db_attr_init,2,0.001173,275.574780000001,0.048506317651354
slurm__MHD_2D_SedovBlast-MHD-2D-Fryxell_SedovBlast-MHD-2D-Fryxellenzo.sqlite,H5VL_julea_db_attr_term,2,4.0e-06,275.574780000001,0.048506317651354
slurm__MHD_2D_SedovBlast-MHD-2D-Fryxell_SedovBlast-MHD-2D-Fryxellenzo.sqlite,H5VL_julea_db_attr_write,132,0.028751,275.574780000001,0.048506317651354
slurm__MHD_2D_SedovBlast-MHD-2D-Fryxell_SedovBlast-MHD-2D-Fryxellenzo.sqlite,H5VL_julea_db_dataset_close,9564,0.0240229999999969,275.574780000001,0.048506317651354
slurm__MHD_2D_SedovBlast-MHD-2D-Fryxell_SedovBlast-MHD-2D-Fryxellenzo.sqlite,H5VL_julea_db_dataset_create,9564,239.361699000001,275.574780000001,0.048506317651354
slurm__MHD_2D_SedovBlast-MHD-2D-Fryxell_SedovBlast-MHD-2D-Fryxellenzo.sqlite,H5VL_julea_db_dataset_init,2,0.001214,275.574780000001,0.048506317651354
slurm__MHD_2D_SedovBlast-MHD-2D-Fryxell_SedovBlast-MHD-2D-Fryxellenzo.sqlite,H5VL_julea_db_dataset_term,2,4.0e-06,275.574780000001,0.048506317651354
slurm__MHD_2D_SedovBlast-MHD-2D-Fryxell_SedovBlast-MHD-2D-Fryxellenzo.sqlite,H5VL_julea_db_dataset_write,10476,9.01898599999998,275.574780000001,0.048506317651354
slurm__MHD_2D_SedovBlast-MHD-2D-Fryxell_SedovBlast-MHD-2D-Fryxellenzo.sqlite,H5VL_julea_db_datatype_encode,9696,2.47731999999996,275.574780000001,0.048506317651354
slurm__MHD_2D_SedovBlast-MHD-2D-Fryxell_SedovBlast-MHD-2D-Fryxellenzo.sqlite,H5VL_julea_db_datatype_init,2,0.000858,275.574780000001,0.048506317651354
slurm__MHD_2D_SedovBlast-MHD-2D-Fryxell_SedovBlast-MHD-2D-Fryxellenzo.sqlite,H5VL_julea_db_datatype_term,2,2.0e-06,275.574780000001,0.048506317651354
slurm__MHD_2D_SedovBlast-MHD-2D-Fryxell_SedovBlast-MHD-2D-Fryxellenzo.sqlite,H5VL_julea_db_file_close,24,2.8e-05,275.574780000001,0.048506317651354
slurm__MHD_2D_SedovBlast-MHD-2D-Fryxell_SedovBlast-MHD-2D-Fryxellenzo.sqlite,H5VL_julea_db_file_create,24,0.01287,275.574780000001,0.048506317651354
slurm__MHD_2D_SedovBlast-MHD-2D-Fryxell_SedovBlast-MHD-2D-Fryxellenzo.sqlite,H5VL_julea_db_file_init,2,0.00643,275.574780000001,0.048506317651354
slurm__MHD_2D_SedovBlast-MHD-2D-Fryxell_SedovBlast-MHD-2D-Fryxellenzo.sqlite,H5VL_julea_db_file_term,2,5.0e-06,275.574780000001,0.048506317651354
slurm__MHD_2D_SedovBlast-MHD-2D-Fryxell_SedovBlast-MHD-2D-Fryxellenzo.sqlite,H5VL_julea_db_group_close,805,0.000990000000000014,275.574780000001,0.048506317651354
slurm__MHD_2D_SedovBlast-MHD-2D-Fryxell_SedovBlast-MHD-2D-Fryxellenzo.sqlite,H5VL_julea_db_group_create,805,7.288198,275.574780000001,0.048506317651354
slurm__MHD_2D_SedovBlast-MHD-2D-Fryxell_SedovBlast-MHD-2D-Fryxellenzo.sqlite,H5VL_julea_db_group_init,2,0.001373,275.574780000001,0.048506317651354
slurm__MHD_2D_SedovBlast-MHD-2D-Fryxell_SedovBlast-MHD-2D-Fryxellenzo.sqlite,H5VL_julea_db_group_term,2,4.0e-06,275.574780000001,0.048506317651354
slurm__MHD_2D_SedovBlast-MHD-2D-Fryxell_SedovBlast-MHD-2D-Fryxellenzo.sqlite,H5VL_julea_db_link_create_helper,10501,11.289525,275.574780000001,0.048506317651354
slurm__MHD_2D_SedovBlast-MHD-2D-Fryxell_SedovBlast-MHD-2D-Fryxellenzo.sqlite,H5VL_julea_db_link_init,2,0.00122,275.574780000001,0.048506317651354
slurm__MHD_2D_SedovBlast-MHD-2D-Fryxell_SedovBlast-MHD-2D-Fryxellenzo.sqlite,H5VL_julea_db_link_term,2,4.0e-06,275.574780000001,0.048506317651354
slurm__MHD_2D_SedovBlast-MHD-2D-Fryxell_SedovBlast-MHD-2D-Fryxellenzo.sqlite,H5VL_julea_db_space_encode,9696,2.86899600000003,275.574780000001,0.048506317651354
slurm__MHD_2D_SedovBlast-MHD-2D-Fryxell_SedovBlast-MHD-2D-Fryxellenzo.sqlite,H5VL_julea_db_space_init,2,0.000816,275.574780000001,0.048506317651354
slurm__MHD_2D_SedovBlast-MHD-2D-Fryxell_SedovBlast-MHD-2D-Fryxellenzo.sqlite,H5VL_julea_db_space_term,2,2.0e-06,275.574780000001,0.048506317651354
slurm__MHD_2D_SedovBlast-MHD-2D-Fryxell_SedovBlast-MHD-2D-Fryxellenzo.sqlite,total,10,5681.214187,275.574780000001,0.048506317651354
slurm__MHD_3D_StochasticForcing_StochasticForcingenzo.sqlite,H5VL_julea_db_attr_close,416,0.001013,27.329092,0.0143454851445516
slurm__MHD_3D_StochasticForcing_StochasticForcingenzo.sqlite,H5VL_julea_db_attr_create,416,10.245222,27.329092,0.0143454851445516
slurm__MHD_3D_StochasticForcing_StochasticForcingenzo.sqlite,H5VL_julea_db_attr_init,2,0.001216,27.329092,0.0143454851445516
slurm__MHD_3D_StochasticForcing_StochasticForcingenzo.sqlite,H5VL_julea_db_attr_term,2,4.0e-06,27.329092,0.0143454851445516
slurm__MHD_3D_StochasticForcing_StochasticForcingenzo.sqlite,H5VL_julea_db_attr_write,416,0.093242,27.329092,0.0143454851445516
slurm__MHD_3D_StochasticForcing_StochasticForcingenzo.sqlite,H5VL_julea_db_dataset_close,494,0.001214,27.329092,0.0143454851445516
slurm__MHD_3D_StochasticForcing_StochasticForcingenzo.sqlite,H5VL_julea_db_dataset_create,494,12.184145,27.329092,0.0143454851445516
slurm__MHD_3D_StochasticForcing_StochasticForcingenzo.sqlite,H5VL_julea_db_dataset_init,2,0.001292,27.329092,0.0143454851445516
slurm__MHD_3D_StochasticForcing_StochasticForcingenzo.sqlite,H5VL_julea_db_dataset_term,2,4.0e-06,27.329092,0.0143454851445516
slurm__MHD_3D_StochasticForcing_StochasticForcingenzo.sqlite,H5VL_julea_db_dataset_write,2366,3.243393,27.329092,0.0143454851445516
slurm__MHD_3D_StochasticForcing_StochasticForcingenzo.sqlite,H5VL_julea_db_datatype_encode,910,0.243909999999998,27.329092,0.0143454851445516
slurm__MHD_3D_StochasticForcing_StochasticForcingenzo.sqlite,H5VL_julea_db_datatype_init,2,0.000959,27.329092,0.0143454851445516
slurm__MHD_3D_StochasticForcing_StochasticForcingenzo.sqlite,H5VL_julea_db_datatype_term,2,2.0e-06,27.329092,0.0143454851445516
slurm__MHD_3D_StochasticForcing_StochasticForcingenzo.sqlite,H5VL_julea_db_file_close,52,5.2e-05,27.329092,0.0143454851445516
slurm__MHD_3D_StochasticForcing_StochasticForcingenzo.sqlite,H5VL_julea_db_file_create,52,0.031026,27.329092,0.0143454851445516
slurm__MHD_3D_StochasticForcing_StochasticForcingenzo.sqlite,H5VL_julea_db_file_init,2,0.006647,27.329092,0.0143454851445516
slurm__MHD_3D_StochasticForcing_StochasticForcingenzo.sqlite,H5VL_julea_db_file_term,2,5.0e-06,27.329092,0.0143454851445516
slurm__MHD_3D_StochasticForcing_StochasticForcingenzo.sqlite,H5VL_julea_db_group_close,52,7.09999999999999e-05,27.329092,0.0143454851445516
slurm__MHD_3D_StochasticForcing_StochasticForcingenzo.sqlite,H5VL_julea_db_group_create,52,0.454436,27.329092,0.0143454851445516
slurm__MHD_3D_StochasticForcing_StochasticForcingenzo.sqlite,H5VL_julea_db_group_init,2,0.001491,27.329092,0.0143454851445516
slurm__MHD_3D_StochasticForcing_StochasticForcingenzo.sqlite,H5VL_julea_db_group_term,2,4.0e-06,27.329092,0.0143454851445516
slurm__MHD_3D_StochasticForcing_StochasticForcingenzo.sqlite,H5VL_julea_db_link_create_helper,962,0.568782,27.329092,0.0143454851445516
slurm__MHD_3D_StochasticForcing_StochasticForcingenzo.sqlite,H5VL_julea_db_link_init,2,0.001303,27.329092,0.0143454851445516
slurm__MHD_3D_StochasticForcing_StochasticForcingenzo.sqlite,H5VL_julea_db_link_term,2,2.0e-06,27.329092,0.0143454851445516
slurm__MHD_3D_StochasticForcing_StochasticForcingenzo.sqlite,H5VL_julea_db_space_encode,910,0.248745999999999,27.329092,0.0143454851445516
slurm__MHD_3D_StochasticForcing_StochasticForcingenzo.sqlite,H5VL_julea_db_space_init,2,0.000909,27.329092,0.0143454851445516
slurm__MHD_3D_StochasticForcing_StochasticForcingenzo.sqlite,H5VL_julea_db_space_term,2,2.0e-06,27.329092,0.0143454851445516
slurm__MHD_3D_StochasticForcing_StochasticForcingenzo.sqlite,total,10,1905.065721,27.329092,0.0143454851445516
slurm__StarParticle_StarParticleSingleTest_TestStarParticleSingleenzo.sqlite,H5VL_julea_db_attr_close,192,0.000479,14.9139,0.0145146666195753
slurm__StarParticle_StarParticleSingleTest_TestStarParticleSingleenzo.sqlite,H5VL_julea_db_attr_create,192,4.619345,14.9139,0.0145146666195753
slurm__StarParticle_StarParticleSingleTest_TestStarParticleSingleenzo.sqlite,H5VL_julea_db_attr_init,2,0.001238,14.9139,0.0145146666195753
slurm__StarParticle_StarParticleSingleTest_TestStarParticleSingleenzo.sqlite,H5VL_julea_db_attr_term,2,3.0e-06,14.9139,0.0145146666195753
slurm__StarParticle_StarParticleSingleTest_TestStarParticleSingleenzo.sqlite,H5VL_julea_db_attr_write,192,0.04248,14.9139,0.0145146666195753
slurm__StarParticle_StarParticleSingleTest_TestStarParticleSingleenzo.sqlite,H5VL_julea_db_dataset_close,336,0.000854000000000001,14.9139,0.0145146666195753
slurm__StarParticle_StarParticleSingleTest_TestStarParticleSingleenzo.sqlite,H5VL_julea_db_dataset_create,336,8.10407800000001,14.9139,0.0145146666195753
slurm__StarParticle_StarParticleSingleTest_TestStarParticleSingleenzo.sqlite,H5VL_julea_db_dataset_init,2,0.00129,14.9139,0.0145146666195753
slurm__StarParticle_StarParticleSingleTest_TestStarParticleSingleenzo.sqlite,H5VL_julea_db_dataset_term,2,4.0e-06,14.9139,0.0145146666195753
slurm__StarParticle_StarParticleSingleTest_TestStarParticleSingleenzo.sqlite,H5VL_julea_db_dataset_write,768,1.314616,14.9139,0.0145146666195753
slurm__StarParticle_StarParticleSingleTest_TestStarParticleSingleenzo.sqlite,H5VL_julea_db_datatype_encode,528,0.143251,14.9139,0.0145146666195753
slurm__StarParticle_StarParticleSingleTest_TestStarParticleSingleenzo.sqlite,H5VL_julea_db_datatype_init,2,0.000922,14.9139,0.0145146666195753
slurm__StarParticle_StarParticleSingleTest_TestStarParticleSingleenzo.sqlite,H5VL_julea_db_datatype_term,2,2.0e-06,14.9139,0.0145146666195753
slurm__StarParticle_StarParticleSingleTest_TestStarParticleSingleenzo.sqlite,H5VL_julea_db_file_close,24,2.7e-05,14.9139,0.0145146666195753
slurm__StarParticle_StarParticleSingleTest_TestStarParticleSingleenzo.sqlite,H5VL_julea_db_file_create,24,0.014638,14.9139,0.0145146666195753
slurm__StarParticle_StarParticleSingleTest_TestStarParticleSingleenzo.sqlite,H5VL_julea_db_file_init,2,0.006545,14.9139,0.0145146666195753
slurm__StarParticle_StarParticleSingleTest_TestStarParticleSingleenzo.sqlite,H5VL_julea_db_file_term,2,5.0e-06,14.9139,0.0145146666195753
slurm__StarParticle_StarParticleSingleTest_TestStarParticleSingleenzo.sqlite,H5VL_julea_db_group_close,24,2.5e-05,14.9139,0.0145146666195753
slurm__StarParticle_StarParticleSingleTest_TestStarParticleSingleenzo.sqlite,H5VL_julea_db_group_create,24,0.207389,14.9139,0.0145146666195753
slurm__StarParticle_StarParticleSingleTest_TestStarParticleSingleenzo.sqlite,H5VL_julea_db_group_init,2,0.00151,14.9139,0.0145146666195753
slurm__StarParticle_StarParticleSingleTest_TestStarParticleSingleenzo.sqlite,H5VL_julea_db_group_term,2,4.0e-06,14.9139,0.0145146666195753
slurm__StarParticle_StarParticleSingleTest_TestStarParticleSingleenzo.sqlite,H5VL_julea_db_link_create_helper,552,0.308302,14.9139,0.0145146666195753
slurm__StarParticle_StarParticleSingleTest_TestStarParticleSingleenzo.sqlite,H5VL_julea_db_link_init,2,0.00131,14.9139,0.0145146666195753
slurm__StarParticle_StarParticleSingleTest_TestStarParticleSingleenzo.sqlite,H5VL_julea_db_link_term,2,3.0e-06,14.9139,0.0145146666195753
slurm__StarParticle_StarParticleSingleTest_TestStarParticleSingleenzo.sqlite,H5VL_julea_db_space_encode,528,0.144645,14.9139,0.0145146666195753
slurm__StarParticle_StarParticleSingleTest_TestStarParticleSingleenzo.sqlite,H5VL_julea_db_space_init,2,0.000933,14.9139,0.0145146666195753
slurm__StarParticle_StarParticleSingleTest_TestStarParticleSingleenzo.sqlite,H5VL_julea_db_space_term,2,2.0e-06,14.9139,0.0145146666195753
slurm__StarParticle_StarParticleSingleTest_TestStarParticleSingleenzo.sqlite,total,10,1027.505515,14.9139,0.0145146666195753
